n,newton,newton_error,bisection,bisection_error
0,2.0,0.585786437626905,1.5,0.08578643762690495
1,1.5,0.08578643762690495,1.25,0.16421356237309506
2,1.4166666666666665,0.00245310429357147,1.375,0.03921356237309505
3,1.4142156862745097,2.123901414615798e-06,1.4375,0.02328643762690495
4,1.4142135623746899,1.5948210255047095e-12,1.40625,0.007963562373095048
5,1.414213562373095,1.2537167179050217e-16,1.421875,0.007661437626904951
6,1.414213562373095,1.2537167179050217e-16,1.4140625,0.0001510623730950488
7,1.414213562373095,1.2537167179050217e-16,1.41796875,0.0037551876269049512
8,1.414213562373095,1.2537167179050217e-16,1.416015625,0.0018020626269049512
9,1.414213562373095,1.2537167179050217e-16,1.4150390625,0.0008255001269049512
10,1.414213562373095,1.2537167179050217e-16,1.41455078125,0.0003372188769049512
11,1.414213562373095,1.2537167179050217e-16,1.414306640625,9.30782519049512e-05
12,1.414213562373095,1.2537167179050217e-16,1.4141845703125,2.89920605950488e-05
13,1.414213562373095,1.2537167179050217e-16,1.41424560546875,3.2043095654951196e-05
14,1.414213562373095,1.2537167179050217e-16,1.414215087890625,1.5255175299511983e-06
15,1.414213562373095,1.2537167179050217e-16,1.4141998291015625,1.3733271532548801e-05
16,1.414213562373095,1.2537167179050217e-16,1.4142074584960938,6.103877001298802e-06
17,1.414213562373095,1.2537167179050217e-16,1.4142112731933594,2.2891797356738015e-06
18,1.414213562373095,1.2537167179050217e-16,1.4142131805419922,3.818311028613017e-07
19,1.414213562373095,1.2537167179050217e-16,1.4142141342163086,5.718432135449483e-07
20,1.414213562373095,1.2537167179050217e-16,1.4142136573791504,9.500605534182331e-08
21,2,0.5,1.5,0.1
